use flask;

INSERT INTO User (username, password, email, is_admin)
VALUES ('alice', 'password123', 'alice@example.com', false),
       ('admin', 'admin123', 'admin@example.com', true);

INSERT INTO Customer (name, sex, phone, address)
VALUES ('张三', '男', '13812345678', '北京市海淀区中关村大街1号'),
       ('李四', '男', '13987654321', '广东省深圳市南山区高新南一道10号'),
       ('王五', '男', '13682740020', '北京市朝阳区朝阳公园南路1号');

INSERT INTO Supplier(id, name, contact_person, phone, address)
VALUES ('1', '复星医药', '陈婷婷', '15867894561', '中国北京市朝阳区建国路88号'),
       ('2', '信达生物制药', '张伟东', '15087654321', '成都市锦江区春熙路段1号'),
       ('3', '石药集团', '李军涛', '13509876543', '杭州市西湖区文三路18号');

INSERT INTO Medicine(id, s_id, name, stock, description)
VALUES ('国药准号B10234721', '2', '阿莫西林胶囊', '20', 'xxx'),
       ('国药准号H10234731', '3', '头孢克肟片', '20', 'yyy'),
       ('国药准号B10234741', '1', '甲硝唑片', '20', 'zzz'),
       ('国药准号H10234751', '2', '复方氨酚烷胺片', '20', 'aaa');

INSERT INTO Price(id, m_id, cost, price, date)
VALUES ('1', '国药准号B10234721', '30', '45', '2023-05-25'),
       ('2', '国药准号H10234731', '20', '35', '2023-05-26'),
       ('3', '国药准号B10234741', '15', '25', '2023-05-27'),
       ('4', '国药准号H10234751', '25', '29.75', '2023-05-27'),
       ('5', '国药准号B10234741', '18.45', '26.56', '2023-05-30'),
       ('6', '国药准号B10234721', '30', '40', '2023-06-03'),
       ('7', '国药准号H10234731', '18', '35', '2023-06-04');

INSERT INTO Orderlist(id, c_id, m_id, name, type, date, quantity, is_returned)
VALUES ('1', '1', '国药准号B10234721', '0601-张三-销售', '销售', '2023-06-01', '2', 1),
       ('2', '2', '国药准号H10234731', '0601-李四-销售', '销售', '2023-06-01', '1', 0),
       ('3', '1', '国药准号B10234721', '0601-张三-退货', '退货', '2023-06-01', '2', 0),
       ('4', '1', '国药准号B10234741', '0602-张三-销售', '销售', '2023-06-02', '2', 0),
       ('5', '3', '国药准号B10234741', '0603-王五-销售', '销售', '2023-06-03', '3', 1),
       ('6', '3', '国药准号B10234741', '0603-王五-退货', '退货', '2023-06-03', '3', 0),
       ('7', '1', '国药准号H10234751', '0605-张三-销售', '销售', '2023-06-05', '1', 0),
       ('8', '2', '国药准号B10234721', '0606-李四-销售', '销售', '2023-06-06', '1', 0),
       ('9', '3', '国药准号H10234731', '0607-王五-销售', '销售', '2023-06-07', '1', 0);

INSERT INTO Purchase(id, date, name, type, quantity, medicine_id, is_returned)
VALUES ('1', '2023-05-28', '0528阿莫西林', '采购', '21', '国药准号B10234721', 0),
       ('2', '2023-05-28', '0528头孢克肟', '采购', '11', '国药准号H10234731', 0),
       ('3', '2023-05-29', '0529甲硝唑片', '采购', '30', '国药准号B10234741', 1),
       ('4', '2023-05-29', '0529甲硝唑片', '退货', '30', '国药准号B10234741', 0),
       ('5', '2023-05-29', '0529甲硝唑片', '采购', '22', '国药准号B10234741', 0),
       ('6', '2023-05-30', '0530复方氨酚', '采购', '21', '国药准号B10234741', 0),
       ('7', '2023-05-30', '0530头孢克肟', '采购', '11', '国药准号H10234731', 0);








